{"train_acc_epoch":0.10567876696586609,"train_acc_step":0.125,"train_loss_step":2.290964365005493,"_wandb":{"runtime":20},"_step":13,"trainer/global_step":464,"epoch":4,"train_loss_epoch":2.3038177490234375,"_timestamp":1.73685646058328e+09,"_runtime":17.073341}