{"epoch":4,"trainer/global_step":464,"_runtime":16.657961,"train_loss_epoch":2.3038148880004883,"train_acc_epoch":0.10618279874324799,"_timestamp":1.73685639063107e+09,"train_loss_step":2.2906994819641113,"_wandb":{"runtime":18},"_step":13,"train_acc_step":0.125}