{"_timestamp":1.7368569052075179e+09,"_runtime":17.600826,"train_loss_step":2.2903003692626953,"train_acc_step":0.125,"_wandb":{"runtime":27},"train_loss_epoch":2.3038182258605957,"_step":13,"epoch":4,"train_acc_epoch":0.10567876696586609,"trainer/global_step":464}